ID,Type,Date,Time,Source,Lat (100m),Lon (100m)
5D82955,Multiple_Gunshots,1-Jan-18,0:00:03,WashingtonDC5D,38.923,-76.983
3D68514,Multiple_Gunshots,1-Jan-18,0:00:12,WashingtonDC3D,38.92,-77.016
7D257817,Multiple_Gunshots,1-Jan-18,0:00:14,WashingtonDC7D,38.837,-77.004
3D68515,Multiple_Gunshots,1-Jan-18,0:00:22,WashingtonDC3D,38.919,-77.016
4D66770,Multiple_Gunshots,1-Jan-18,0:00:46,WashingtonDC4D,38.956,-77.025
7D257819,Multiple_Gunshots,1-Jan-18,0:00:56,WashingtonDC7D,38.835,-76.99
4D66772,Multiple_Gunshots,1-Jan-18,0:01:06,WashingtonDC4D,38.953,-77.027
4D66773,Multiple_Gunshots,1-Jan-18,0:01:11,WashingtonDC4D,38.954,-77.029
7D257824,Multiple_Gunshots,1-Jan-18,0:01:55,WashingtonDC7D,38.832,-77.005
5D82965,Multiple_Gunshots,1-Jan-18,0:02:15,WashingtonDC5D,38.922,-76.984
7D257827,Multiple_Gunshots,1-Jan-18,0:02:33,WashingtonDC7D,38.847,-76.971
7D257831,Multiple_Gunshots,1-Jan-18,0:03:36,WashingtonDC7D,38.858,-76.993
7D257832,Multiple_Gunshots,1-Jan-18,0:03:41,WashingtonDC7D,38.841,-76.996
4D66786,Multiple_Gunshots,1-Jan-18,0:03:48,WashingtonDC4D,38.943,-77.018
7D257836,Multiple_Gunshots,1-Jan-18,0:04:47,WashingtonDC7D,38.844,-76.984
7D257839,Multiple_Gunshots,1-Jan-18,0:05:26,WashingtonDC7D,38.829,-77.003
7D257842,Multiple_Gunshots,1-Jan-18,0:05:48,WashingtonDC7D,38.837,-77.004
5D82983,Multiple_Gunshots,1-Jan-18,0:05:54,WashingtonDC5D,38.899,-76.983
7D257845,Multiple_Gunshots,1-Jan-18,0:06:08,WashingtonDC7D,38.865,-76.985
6D200921,Multiple_Gunshots,1-Jan-18,0:06:33,WashingtonDC6D,38.88,-76.928
6D200922,Multiple_Gunshots,1-Jan-18,0:06:45,WashingtonDC6D,38.885,-76.959
5D82990,Multiple_Gunshots,1-Jan-18,0:07:13,WashingtonDC5D,38.923,-76.974
7D257856,Multiple_Gunshots,1-Jan-18,0:07:55,WashingtonDC7D,38.851,-76.97
7D257858,Multiple_Gunshots,1-Jan-18,0:08:25,WashingtonDC7D,38.843,-76.985
7D257862,Multiple_Gunshots,1-Jan-18,0:09:05,WashingtonDC7D,38.839,-77.006
5D83000,Multiple_Gunshots,1-Jan-18,0:09:29,WashingtonDC5D,38.93,-76.967
7D257867,Multiple_Gunshots,1-Jan-18,0:09:47,WashingtonDC7D,38.837,-77.004
5D83002,Multiple_Gunshots,1-Jan-18,0:09:51,WashingtonDC5D,38.923,-76.983
6D200951,Multiple_Gunshots,1-Jan-18,0:10:08,WashingtonDC6D,38.911,-76.937
7D257872,Multiple_Gunshots,1-Jan-18,0:10:45,WashingtonDC7D,38.833,-77.003
7D257876,Multiple_Gunshots,1-Jan-18,0:11:30,WashingtonDC7D,38.837,-77.003
6D200957,Multiple_Gunshots,1-Jan-18,0:11:40,WashingtonDC6D,38.894,-76.923
5D83008,Multiple_Gunshots,1-Jan-18,0:11:50,WashingtonDC5D,38.899,-76.979
6D200958,Multiple_Gunshots,1-Jan-18,0:11:51,WashingtonDC6D,38.902,-76.931
5D83009,Multiple_Gunshots,1-Jan-18,0:11:55,WashingtonDC5D,38.899,-76.979
7D257880,Multiple_Gunshots,1-Jan-18,0:12:22,WashingtonDC7D,38.849,-76.976
6D200965,Multiple_Gunshots,1-Jan-18,0:12:37,WashingtonDC6D,38.888,-76.92
6D200969,Multiple_Gunshots,1-Jan-18,0:13:03,WashingtonDC6D,38.891,-76.929
3D68556,Multiple_Gunshots,1-Jan-18,0:13:29,WashingtonDC3D,38.921,-77.034
6D200973,Multiple_Gunshots,1-Jan-18,0:13:50,WashingtonDC6D,38.911,-76.936
6D200976,Multiple_Gunshots,1-Jan-18,0:14:20,WashingtonDC6D,38.911,-76.937
6D200977,Multiple_Gunshots,1-Jan-18,0:14:24,WashingtonDC6D,38.88,-76.929
6D200980,Multiple_Gunshots,1-Jan-18,0:15:01,WashingtonDC6D,38.88,-76.927
7D257897,Multiple_Gunshots,1-Jan-18,0:15:19,WashingtonDC7D,38.867,-76.976
7D257898,Multiple_Gunshots,1-Jan-18,0:15:25,WashingtonDC7D,38.836,-76.988
7D257899,Multiple_Gunshots,1-Jan-18,0:15:47,WashingtonDC7D,38.83,-77
7D257900,Multiple_Gunshots,1-Jan-18,0:15:48,WashingtonDC7D,38.83,-77
7D257901,Multiple_Gunshots,1-Jan-18,0:15:54,WashingtonDC7D,38.864,-76.978
6D200989,Multiple_Gunshots,1-Jan-18,0:15:55,WashingtonDC6D,38.892,-76.93
6D200992,Multiple_Gunshots,1-Jan-18,0:16:05,WashingtonDC6D,38.894,-76.924
6D200993,Multiple_Gunshots,1-Jan-18,0:16:08,WashingtonDC6D,38.896,-76.924
6D200995,Multiple_Gunshots,1-Jan-18,0:16:34,WashingtonDC6D,38.911,-76.937
7D257903,Multiple_Gunshots,1-Jan-18,0:16:50,WashingtonDC7D,38.849,-76.976
6D200997,Multiple_Gunshots,1-Jan-18,0:17:14,WashingtonDC6D,38.895,-76.93
7D257907,Multiple_Gunshots,1-Jan-18,0:17:23,WashingtonDC7D,38.863,-76.983
7D257910,Multiple_Gunshots,1-Jan-18,0:17:44,WashingtonDC7D,38.862,-76.984
6D200998,Multiple_Gunshots,1-Jan-18,0:17:45,WashingtonDC6D,38.911,-76.937
7D257911,Multiple_Gunshots,1-Jan-18,0:17:50,WashingtonDC7D,38.862,-76.984
6D200999,Multiple_Gunshots,1-Jan-18,0:17:51,WashingtonDC6D,38.911,-76.936
7D257912,Multiple_Gunshots,1-Jan-18,0:18:05,WashingtonDC7D,38.844,-76.981
5D83029,Multiple_Gunshots,1-Jan-18,0:18:30,WashingtonDC5D,38.92,-76.981
7D257916,Multiple_Gunshots,1-Jan-18,0:18:33,WashingtonDC7D,38.848,-76.968
7D257917,Multiple_Gunshots,1-Jan-18,0:18:58,WashingtonDC7D,38.844,-76.982
7D257918,Multiple_Gunshots,1-Jan-18,0:19:09,WashingtonDC7D,38.847,-76.973
7D257920,Multiple_Gunshots,1-Jan-18,0:19:13,WashingtonDC7D,38.849,-76.975
6D201006,Multiple_Gunshots,1-Jan-18,0:19:31,WashingtonDC6D,38.911,-76.937
3D68574,Multiple_Gunshots,1-Jan-18,0:20:37,WashingtonDC3D,38.926,-77.028
6D201013,Multiple_Gunshots,1-Jan-18,0:21:17,WashingtonDC6D,38.911,-76.937
6D201014,Multiple_Gunshots,1-Jan-18,0:21:34,WashingtonDC6D,38.894,-76.94
6D201015,Multiple_Gunshots,1-Jan-18,0:21:38,WashingtonDC6D,38.893,-76.94
6D201016,Multiple_Gunshots,1-Jan-18,0:21:43,WashingtonDC6D,38.894,-76.923
6D201017,Multiple_Gunshots,1-Jan-18,0:21:45,WashingtonDC6D,38.894,-76.924
6D201022,Multiple_Gunshots,1-Jan-18,0:22:22,WashingtonDC6D,38.896,-76.939
6D201024,Multiple_Gunshots,1-Jan-18,0:23:11,WashingtonDC6D,38.912,-76.936
6D201026,Multiple_Gunshots,1-Jan-18,0:23:23,WashingtonDC6D,38.893,-76.93
7D257932,Multiple_Gunshots,1-Jan-18,0:23:26,WashingtonDC7D,38.852,-76.976
6D201027,Multiple_Gunshots,1-Jan-18,0:23:38,WashingtonDC6D,38.911,-76.938
6D201030,Multiple_Gunshots,1-Jan-18,0:24:04,WashingtonDC6D,38.876,-76.967
7D257940,Multiple_Gunshots,1-Jan-18,0:25:11,WashingtonDC7D,38.858,-76.994
6D201036,Multiple_Gunshots,1-Jan-18,0:25:17,WashingtonDC6D,38.87,-76.945
6D201039,Multiple_Gunshots,1-Jan-18,0:26:01,WashingtonDC6D,38.893,-76.93
6D201040,Multiple_Gunshots,1-Jan-18,0:26:08,WashingtonDC6D,38.892,-76.93
6D201042,Multiple_Gunshots,1-Jan-18,0:26:25,WashingtonDC6D,38.894,-76.924
6D201044,Multiple_Gunshots,1-Jan-18,0:27:07,WashingtonDC6D,38.911,-76.936
6D201045,Multiple_Gunshots,1-Jan-18,0:27:21,WashingtonDC6D,38.905,-76.937
6D201046,Multiple_Gunshots,1-Jan-18,0:28:09,WashingtonDC6D,38.894,-76.924
6D201048,Multiple_Gunshots,1-Jan-18,0:28:21,WashingtonDC6D,38.894,-76.923
4D66892,Multiple_Gunshots,1-Jan-18,0:28:22,WashingtonDC4D,38.937,-77.028
7D257958,Multiple_Gunshots,1-Jan-18,0:28:30,WashingtonDC7D,38.857,-76.994
6D201050,Multiple_Gunshots,1-Jan-18,0:28:44,WashingtonDC6D,38.894,-76.924
7D257961,Multiple_Gunshots,1-Jan-18,0:29:22,WashingtonDC7D,38.851,-76.974
3D68579,Multiple_Gunshots,1-Jan-18,0:29:45,WashingtonDC3D,38.93,-77.02
4D66897,Multiple_Gunshots,1-Jan-18,0:29:47,WashingtonDC4D,38.928,-77.015
6D201059,Multiple_Gunshots,1-Jan-18,0:31:08,WashingtonDC6D,38.895,-76.924
6D201060,Multiple_Gunshots,1-Jan-18,0:31:10,WashingtonDC6D,38.903,-76.932
7D257966,Multiple_Gunshots,1-Jan-18,0:31:16,WashingtonDC7D,38.856,-76.972
7D257967,Multiple_Gunshots,1-Jan-18,0:31:29,WashingtonDC7D,38.845,-76.984
7D257968,Multiple_Gunshots,1-Jan-18,0:31:35,WashingtonDC7D,38.835,-76.988
7D257969,Multiple_Gunshots,1-Jan-18,0:31:37,WashingtonDC7D,38.856,-76.972
7D257970,Multiple_Gunshots,1-Jan-18,0:31:50,WashingtonDC7D,38.854,-76.966
7D257971,Multiple_Gunshots,1-Jan-18,0:32:05,WashingtonDC7D,38.856,-76.972
7D257972,Multiple_Gunshots,1-Jan-18,0:32:36,WashingtonDC7D,38.856,-76.972
6D201066,Multiple_Gunshots,1-Jan-18,0:32:38,WashingtonDC6D,38.894,-76.924
7D257975,Multiple_Gunshots,1-Jan-18,0:33:09,WashingtonDC7D,38.856,-76.971
6D201068,Multiple_Gunshots,1-Jan-18,0:33:20,WashingtonDC6D,38.882,-76.938
6D201072,Multiple_Gunshots,1-Jan-18,0:33:39,WashingtonDC6D,38.892,-76.936
7D257980,Multiple_Gunshots,1-Jan-18,0:33:43,WashingtonDC7D,38.85,-76.978
6D201073,Multiple_Gunshots,1-Jan-18,0:33:45,WashingtonDC6D,38.892,-76.936
6D201074,Multiple_Gunshots,1-Jan-18,0:33:50,WashingtonDC6D,38.892,-76.936
5D83045,Multiple_Gunshots,1-Jan-18,0:34:25,WashingtonDC5D,38.896,-76.982
6D201076,Multiple_Gunshots,1-Jan-18,0:34:40,WashingtonDC6D,38.894,-76.925
7D257986,Multiple_Gunshots,1-Jan-18,0:35:45,WashingtonDC7D,38.837,-76.99
7D257987,Multiple_Gunshots,1-Jan-18,0:35:50,WashingtonDC7D,38.838,-76.99
7D257988,Multiple_Gunshots,1-Jan-18,0:35:59,WashingtonDC7D,38.844,-76.983
7D257991,Multiple_Gunshots,1-Jan-18,0:36:36,WashingtonDC7D,38.85,-76.977
7D257993,Multiple_Gunshots,1-Jan-18,0:37:53,WashingtonDC7D,38.848,-76.969
6D201082,Multiple_Gunshots,1-Jan-18,0:38:28,WashingtonDC6D,38.894,-76.924
6D201085,Multiple_Gunshots,1-Jan-18,0:39:57,WashingtonDC6D,38.894,-76.924
7D257998,Multiple_Gunshots,1-Jan-18,0:42:32,WashingtonDC7D,38.839,-76.999
7D257999,Multiple_Gunshots,1-Jan-18,0:43:18,WashingtonDC7D,38.847,-76.976
7D258000,Multiple_Gunshots,1-Jan-18,0:43:47,WashingtonDC7D,38.858,-76.997
7D258004,Multiple_Gunshots,1-Jan-18,0:44:30,WashingtonDC7D,38.844,-76.978
6D201092,Multiple_Gunshots,1-Jan-18,0:45:39,WashingtonDC6D,38.895,-76.937
7D258010,Multiple_Gunshots,1-Jan-18,0:45:47,WashingtonDC7D,38.87,-76.976
6D201093,Multiple_Gunshots,1-Jan-18,0:46:05,WashingtonDC6D,38.895,-76.937
7D258012,Multiple_Gunshots,1-Jan-18,0:46:35,WashingtonDC7D,38.863,-76.986
5D83056,Multiple_Gunshots,1-Jan-18,0:47:18,WashingtonDC5D,38.934,-76.965
6D201096,Multiple_Gunshots,1-Jan-18,0:48:36,WashingtonDC6D,38.894,-76.936
6D201098,Multiple_Gunshots,1-Jan-18,0:49:34,WashingtonDC6D,38.881,-76.936
6D201099,Multiple_Gunshots,1-Jan-18,0:49:48,WashingtonDC6D,38.892,-76.936
6D201102,Multiple_Gunshots,1-Jan-18,0:50:25,WashingtonDC6D,38.892,-76.936
6D201103,Multiple_Gunshots,1-Jan-18,0:51:23,WashingtonDC6D,38.899,-76.942
7D258020,Multiple_Gunshots,1-Jan-18,0:51:43,WashingtonDC7D,38.827,-76.999
7D258022,Multiple_Gunshots,1-Jan-18,0:52:28,WashingtonDC7D,38.856,-76.972
7D258030,Multiple_Gunshots,1-Jan-18,0:53:15,WashingtonDC7D,38.844,-76.978
7D258031,Multiple_Gunshots,1-Jan-18,0:53:34,WashingtonDC7D,38.849,-76.976
6D201104,Multiple_Gunshots,1-Jan-18,0:53:38,WashingtonDC6D,38.9,-76.945
7D258032,Multiple_Gunshots,1-Jan-18,0:54:37,WashingtonDC7D,38.826,-76.996
7D258033,Multiple_Gunshots,1-Jan-18,0:54:46,WashingtonDC7D,38.856,-76.972
7D258042,Multiple_Gunshots,1-Jan-18,0:59:08,WashingtonDC7D,38.856,-76.972
7D258043,Multiple_Gunshots,1-Jan-18,0:59:31,WashingtonDC7D,38.856,-76.972
6D201113,Multiple_Gunshots,1-Jan-18,0:59:45,WashingtonDC6D,38.888,-76.941
6D201115,Multiple_Gunshots,1-Jan-18,1:01:18,WashingtonDC6D,38.894,-76.923
7D258052,Multiple_Gunshots,1-Jan-18,1:02:51,WashingtonDC7D,38.856,-76.972
7D258054,Multiple_Gunshots,1-Jan-18,1:04:53,WashingtonDC7D,38.843,-76.98
7D258056,Multiple_Gunshots,1-Jan-18,1:10:14,WashingtonDC7D,38.847,-76.981
7D258058,Multiple_Gunshots,1-Jan-18,1:11:25,WashingtonDC7D,38.843,-76.98
7D258059,Multiple_Gunshots,1-Jan-18,1:13:20,WashingtonDC7D,38.845,-77.001
6D201118,Multiple_Gunshots,1-Jan-18,1:14:11,WashingtonDC6D,38.882,-76.935
6D201120,Multiple_Gunshots,1-Jan-18,1:15:28,WashingtonDC6D,38.886,-76.923
6D201123,Multiple_Gunshots,1-Jan-18,1:16:56,WashingtonDC6D,38.892,-76.935
7D258061,Multiple_Gunshots,1-Jan-18,1:18:54,WashingtonDC7D,38.847,-76.982
7D258064,Multiple_Gunshots,1-Jan-18,1:19:04,WashingtonDC7D,38.847,-76.98
6D201127,Multiple_Gunshots,1-Jan-18,1:20:27,WashingtonDC6D,38.884,-76.959
3D68599,Multiple_Gunshots,1-Jan-18,1:22:46,WashingtonDC3D,38.908,-77.017
6D201128,Multiple_Gunshots,1-Jan-18,1:23:08,WashingtonDC6D,38.884,-76.932
6D201131,Multiple_Gunshots,1-Jan-18,1:25:02,WashingtonDC6D,38.887,-76.954
7D258069,Multiple_Gunshots,1-Jan-18,1:25:41,WashingtonDC7D,38.856,-76.972
6D201132,Multiple_Gunshots,1-Jan-18,1:26:13,WashingtonDC6D,38.899,-76.944
7D258072,Multiple_Gunshots,1-Jan-18,1:30:12,WashingtonDC7D,38.856,-76.972
6D201135,Multiple_Gunshots,1-Jan-18,1:42:54,WashingtonDC6D,38.892,-76.935
7D258075,Multiple_Gunshots,1-Jan-18,1:42:58,WashingtonDC7D,38.83,-76.998
6D201136,Multiple_Gunshots,1-Jan-18,1:43:18,WashingtonDC6D,38.892,-76.935
6D201146,Multiple_Gunshots,1-Jan-18,1:47:58,WashingtonDC6D,38.888,-76.951
7D258077,Multiple_Gunshots,1-Jan-18,1:52:42,WashingtonDC7D,38.845,-76.98
6D201147,Multiple_Gunshots,1-Jan-18,1:54:37,WashingtonDC6D,38.895,-76.938
6D201149,Multiple_Gunshots,1-Jan-18,1:57:26,WashingtonDC6D,38.893,-76.929
3D68608,Multiple_Gunshots,1-Jan-18,2:04:21,WashingtonDC3D,38.928,-77.033
7D258079,Multiple_Gunshots,1-Jan-18,2:11:36,WashingtonDC7D,38.845,-76.973
7D258080,Multiple_Gunshots,1-Jan-18,2:14:50,WashingtonDC7D,38.834,-76.987
6D201157,Multiple_Gunshots,1-Jan-18,2:26:03,WashingtonDC6D,38.888,-76.932
7D258086,Multiple_Gunshots,1-Jan-18,2:37:51,WashingtonDC7D,38.833,-77
5D83093,Multiple_Gunshots,1-Jan-18,2:55:35,WashingtonDC5D,38.913,-76.985
6D201164,Multiple_Gunshots,1-Jan-18,2:59:36,WashingtonDC6D,38.891,-76.937
6D201165,Multiple_Gunshots,1-Jan-18,2:59:48,WashingtonDC6D,38.892,-76.936
6D201171,Multiple_Gunshots,1-Jan-18,3:16:29,WashingtonDC6D,38.893,-76.919
7D258090,Multiple_Gunshots,1-Jan-18,3:19:22,WashingtonDC7D,38.846,-76.979
6D201173,Multiple_Gunshots,1-Jan-18,3:24:05,WashingtonDC6D,38.877,-76.967
6D201174,Multiple_Gunshots,1-Jan-18,3:24:19,WashingtonDC6D,38.877,-76.967
6D201180,Multiple_Gunshots,1-Jan-18,4:12:08,WashingtonDC6D,38.895,-76.923
6D201184,Multiple_Gunshots,1-Jan-18,4:17:04,WashingtonDC6D,38.895,-76.923
6D201185,Multiple_Gunshots,1-Jan-18,4:24:10,WashingtonDC6D,38.891,-76.954
6D201194,Multiple_Gunshots,1-Jan-18,4:57:31,WashingtonDC6D,38.888,-76.929
6D201195,Multiple_Gunshots,1-Jan-18,4:57:55,WashingtonDC6D,38.888,-76.929
6D201198,Multiple_Gunshots,1-Jan-18,5:11:16,WashingtonDC6D,38.882,-76.937
7D258102,Multiple_Gunshots,1-Jan-18,6:38:26,WashingtonDC7D,38.834,-76.997
7D258107,Multiple_Gunshots,1-Jan-18,12:57:03,WashingtonDC7D,38.866,-76.978
7D258110,Multiple_Gunshots,1-Jan-18,15:23:59,WashingtonDC7D,38.861,-76.986
6D201203,Multiple_Gunshots,1-Jan-18,18:24:53,WashingtonDC6D,38.882,-76.946
7D258138,Multiple_Gunshots,1-Jan-18,19:38:41,WashingtonDC7D,38.862,-76.986
6D201210,Multiple_Gunshots,1-Jan-18,20:57:35,WashingtonDC6D,38.894,-76.925
6D201213,Multiple_Gunshots,1-Jan-18,21:31:14,WashingtonDC6D,38.877,-76.967
6D201215,Multiple_Gunshots,1-Jan-18,22:26:42,WashingtonDC6D,38.893,-76.926
6D201216,Multiple_Gunshots,1-Jan-18,22:27:08,WashingtonDC6D,38.893,-76.926
7D258163,Multiple_Gunshots,2-Jan-18,20:07:27,WashingtonDC7D,38.828,-76.997
6D201230,Multiple_Gunshots,2-Jan-18,22:43:09,WashingtonDC6D,38.899,-76.939
6D201231,Multiple_Gunshots,2-Jan-18,22:44:01,WashingtonDC6D,38.899,-76.939
6D201232,Multiple_Gunshots,3-Jan-18,0:41:19,WashingtonDC6D,38.882,-76.925
6D201242,Multiple_Gunshots,3-Jan-18,13:53:40,WashingtonDC6D,38.894,-76.926
6D201243,Multiple_Gunshots,3-Jan-18,14:06:56,WashingtonDC6D,38.879,-76.93
7D258192,Multiple_Gunshots,3-Jan-18,14:51:36,WashingtonDC7D,38.837,-76.993
6D201247,Multiple_Gunshots,3-Jan-18,18:41:51,WashingtonDC6D,38.894,-76.924
6D201249,Multiple_Gunshots,4-Jan-18,0:57:12,WashingtonDC6D,38.882,-76.936
7D258205,Multiple_Gunshots,4-Jan-18,1:11:06,WashingtonDC7D,38.83,-76.996
7D258212,Multiple_Gunshots,4-Jan-18,11:20:33,WashingtonDC7D,38.836,-76.991
7D258213,Multiple_Gunshots,4-Jan-18,11:20:34,WashingtonDC7D,38.836,-76.987
6D201257,Multiple_Gunshots,4-Jan-18,20:52:08,WashingtonDC6D,38.882,-76.962
7D258230,Multiple_Gunshots,5-Jan-18,20:47:53,WashingtonDC7D,38.856,-76.972
7D258231,Multiple_Gunshots,5-Jan-18,21:31:18,WashingtonDC7D,38.841,-76.986
6D201270,Multiple_Gunshots,5-Jan-18,21:38:32,WashingtonDC6D,38.895,-76.956
6D201271,Multiple_Gunshots,5-Jan-18,22:32:31,WashingtonDC6D,38.879,-76.931
7D258234,Multiple_Gunshots,5-Jan-18,23:32:06,WashingtonDC7D,38.857,-76.972
5D83157,Multiple_Gunshots,5-Jan-18,23:37:30,WashingtonDC5D,38.908,-76.985
7D258236,Multiple_Gunshots,6-Jan-18,0:06:35,WashingtonDC7D,38.843,-76.988
6D201275,Multiple_Gunshots,6-Jan-18,3:31:53,WashingtonDC6D,38.883,-76.924
6D201278,Multiple_Gunshots,6-Jan-18,14:51:48,WashingtonDC6D,38.886,-76.926
7D258254,Multiple_Gunshots,7-Jan-18,19:07:54,WashingtonDC7D,38.854,-76.971
6D201282,Multiple_Gunshots,7-Jan-18,21:17:43,WashingtonDC6D,38.884,-76.927
6D201283,Multiple_Gunshots,7-Jan-18,21:17:57,WashingtonDC6D,38.884,-76.926
5D83170,Multiple_Gunshots,7-Jan-18,21:34:22,WashingtonDC5D,38.899,-76.974
6D201284,Multiple_Gunshots,7-Jan-18,22:36:15,WashingtonDC6D,38.884,-76.927
7D258256,Multiple_Gunshots,7-Jan-18,23:55:15,WashingtonDC7D,38.867,-76.979
7D258260,Multiple_Gunshots,8-Jan-18,5:52:31,WashingtonDC7D,38.827,-77
6D201289,Multiple_Gunshots,8-Jan-18,22:31:04,WashingtonDC6D,38.881,-76.926
6D201290,Multiple_Gunshots,8-Jan-18,22:47:18,WashingtonDC6D,38.884,-76.952
7D258276,Multiple_Gunshots,8-Jan-18,22:57:25,WashingtonDC7D,38.85,-76.968
6D201296,Multiple_Gunshots,9-Jan-18,18:30:21,WashingtonDC6D,38.887,-76.921
6D201297,Multiple_Gunshots,9-Jan-18,18:40:38,WashingtonDC6D,38.882,-76.926
6D201299,Multiple_Gunshots,9-Jan-18,19:31:04,WashingtonDC6D,38.886,-76.952
6D201300,Multiple_Gunshots,9-Jan-18,19:31:13,WashingtonDC6D,38.888,-76.952
6D201308,Multiple_Gunshots,9-Jan-18,23:02:33,WashingtonDC6D,38.888,-76.919
7D258310,Multiple_Gunshots,10-Jan-18,0:43:37,WashingtonDC7D,38.831,-77.001
5D83197,Multiple_Gunshots,10-Jan-18,0:46:42,WashingtonDC5D,38.903,-76.975
7D258313,Multiple_Gunshots,10-Jan-18,1:04:08,WashingtonDC7D,38.842,-76.991
5D83199,Multiple_Gunshots,10-Jan-18,4:25:53,WashingtonDC5D,38.9,-76.972
5D83237,Multiple_Gunshots,10-Jan-18,18:55:18,WashingtonDC5D,38.925,-77.007
5D83238,Multiple_Gunshots,10-Jan-18,19:59:21,WashingtonDC5D,38.9,-76.974
5D83239,Multiple_Gunshots,10-Jan-18,19:59:45,WashingtonDC5D,38.9,-76.974
7D258334,Multiple_Gunshots,10-Jan-18,21:22:38,WashingtonDC7D,38.845,-76.98
7D258336,Multiple_Gunshots,10-Jan-18,22:47:51,WashingtonDC7D,38.858,-76.973
5D83240,Multiple_Gunshots,11-Jan-18,0:43:27,WashingtonDC5D,38.905,-76.985
5D83241,Multiple_Gunshots,11-Jan-18,0:43:32,WashingtonDC5D,38.904,-76.984
5D83242,Multiple_Gunshots,11-Jan-18,0:43:37,WashingtonDC5D,38.933,-76.97
7D258342,Multiple_Gunshots,11-Jan-18,5:58:28,WashingtonDC7D,38.86,-76.971
6D201338,Multiple_Gunshots,11-Jan-18,16:14:27,WashingtonDC6D,38.9,-76.934
7D258367,Multiple_Gunshots,11-Jan-18,18:09:31,WashingtonDC7D,38.836,-76.997
7D258368,Multiple_Gunshots,11-Jan-18,18:23:41,WashingtonDC7D,38.866,-76.982
7D258369,Multiple_Gunshots,11-Jan-18,18:23:49,WashingtonDC7D,38.866,-76.981
6D201374,Multiple_Gunshots,12-Jan-18,14:57:24,WashingtonDC6D,38.876,-76.935
7D258380,Multiple_Gunshots,12-Jan-18,15:57:30,WashingtonDC7D,38.826,-77
7D258385,Multiple_Gunshots,12-Jan-18,20:26:38,WashingtonDC7D,38.849,-76.975
7D258388,Multiple_Gunshots,12-Jan-18,23:02:34,WashingtonDC7D,38.839,-76.997
6D201379,Multiple_Gunshots,13-Jan-18,2:10:54,WashingtonDC6D,38.91,-76.938
6D201384,Multiple_Gunshots,13-Jan-18,10:39:44,WashingtonDC6D,38.893,-76.928
6D201387,Multiple_Gunshots,13-Jan-18,17:14:17,WashingtonDC6D,38.901,-76.938
7D258406,Multiple_Gunshots,13-Jan-18,20:10:09,WashingtonDC7D,38.857,-76.972
6D201389,Multiple_Gunshots,13-Jan-18,23:42:09,WashingtonDC6D,38.88,-76.93
6D201390,Multiple_Gunshots,13-Jan-18,23:42:27,WashingtonDC6D,38.882,-76.933
7D258420,Multiple_Gunshots,14-Jan-18,12:43:04,WashingtonDC7D,38.845,-76.973
7D258436,Multiple_Gunshots,15-Jan-18,20:17:13,WashingtonDC7D,38.845,-76.998
7D258439,Multiple_Gunshots,16-Jan-18,1:42:05,WashingtonDC7D,38.855,-76.967
6D201457,Multiple_Gunshots,16-Jan-18,18:32:32,WashingtonDC6D,38.905,-76.949
6D201464,Multiple_Gunshots,16-Jan-18,21:01:14,WashingtonDC6D,38.887,-76.926
6D201465,Multiple_Gunshots,16-Jan-18,21:50:33,WashingtonDC6D,38.877,-76.932
6D201466,Multiple_Gunshots,16-Jan-18,22:22:23,WashingtonDC6D,38.885,-76.958
6D201471,Multiple_Gunshots,17-Jan-18,2:03:06,WashingtonDC6D,38.895,-76.937
7D258474,Multiple_Gunshots,17-Jan-18,11:07:42,WashingtonDC7D,38.866,-76.982
5D83310,Multiple_Gunshots,17-Jan-18,14:12:47,WashingtonDC5D,38.896,-76.983
7D258508,Multiple_Gunshots,18-Jan-18,18:55:48,WashingtonDC7D,38.862,-76.993
6D201484,Multiple_Gunshots,19-Jan-18,0:37:07,WashingtonDC6D,38.912,-76.936
6D201487,Multiple_Gunshots,19-Jan-18,2:22:50,WashingtonDC6D,38.906,-76.935
4D67020,Multiple_Gunshots,19-Jan-18,15:14:45,WashingtonDC4D,38.958,-77.022
6D201491,Multiple_Gunshots,19-Jan-18,18:40:54,WashingtonDC6D,38.868,-76.966
6D201492,Multiple_Gunshots,19-Jan-18,18:56:31,WashingtonDC6D,38.881,-76.929
7D258535,Multiple_Gunshots,19-Jan-18,20:27:02,WashingtonDC7D,38.851,-76.982
7D258540,Multiple_Gunshots,19-Jan-18,22:08:29,WashingtonDC7D,38.838,-76.989
7D258541,Multiple_Gunshots,19-Jan-18,22:42:40,WashingtonDC7D,38.854,-76.972
7D258542,Multiple_Gunshots,19-Jan-18,22:42:42,WashingtonDC7D,38.854,-76.972
6D201494,Multiple_Gunshots,20-Jan-18,2:10:24,WashingtonDC6D,38.895,-76.942
6D201497,Multiple_Gunshots,20-Jan-18,2:32:11,WashingtonDC6D,38.893,-76.928
7D258549,Multiple_Gunshots,20-Jan-18,2:44:33,WashingtonDC7D,38.856,-76.972
7D258550,Multiple_Gunshots,20-Jan-18,2:44:39,WashingtonDC7D,38.856,-76.972
7D258551,Multiple_Gunshots,20-Jan-18,2:45:04,WashingtonDC7D,38.856,-76.972
7D258552,Multiple_Gunshots,20-Jan-18,3:01:19,WashingtonDC7D,38.827,-77.001
7D258554,Multiple_Gunshots,20-Jan-18,3:35:43,WashingtonDC7D,38.854,-76.974
7D258555,Multiple_Gunshots,20-Jan-18,3:35:47,WashingtonDC7D,38.862,-76.984
6D201503,Multiple_Gunshots,20-Jan-18,13:00:27,WashingtonDC6D,38.884,-76.931
6D201504,Multiple_Gunshots,20-Jan-18,13:00:38,WashingtonDC6D,38.884,-76.932
4D67026,Multiple_Gunshots,20-Jan-18,13:44:10,WashingtonDC4D,38.955,-77.023
7D258565,Multiple_Gunshots,20-Jan-18,14:04:05,WashingtonDC7D,38.834,-76.998
6D201528,Multiple_Gunshots,20-Jan-18,20:55:44,WashingtonDC6D,38.895,-76.926
7D258585,Multiple_Gunshots,20-Jan-18,23:42:57,WashingtonDC7D,38.842,-76.991
7D258586,Multiple_Gunshots,20-Jan-18,23:43:39,WashingtonDC7D,38.842,-76.991
4D67035,Multiple_Gunshots,21-Jan-18,1:47:56,WashingtonDC4D,38.956,-77.026
6D201531,Multiple_Gunshots,21-Jan-18,2:54:50,WashingtonDC6D,38.882,-76.936
6D201561,Multiple_Gunshots,21-Jan-18,19:08:45,WashingtonDC6D,38.889,-76.957
6D201562,Multiple_Gunshots,21-Jan-18,19:08:50,WashingtonDC6D,38.893,-76.959
7D258621,Multiple_Gunshots,21-Jan-18,19:56:08,WashingtonDC7D,38.844,-76.978
6D201563,Multiple_Gunshots,21-Jan-18,21:03:12,WashingtonDC6D,38.877,-76.933
6D201564,Multiple_Gunshots,21-Jan-18,21:36:17,WashingtonDC6D,38.88,-76.941
7D258624,Multiple_Gunshots,21-Jan-18,22:42:46,WashingtonDC7D,38.827,-76.995
7D258625,Multiple_Gunshots,21-Jan-18,22:42:54,WashingtonDC7D,38.83,-76.996
7D258627,Multiple_Gunshots,22-Jan-18,0:10:45,WashingtonDC7D,38.855,-76.97
7D258628,Multiple_Gunshots,22-Jan-18,0:11:02,WashingtonDC7D,38.855,-76.971
4D67055,Multiple_Gunshots,22-Jan-18,17:50:29,WashingtonDC4D,38.957,-77.022
6D201578,Multiple_Gunshots,22-Jan-18,20:34:48,WashingtonDC6D,38.887,-76.926
7D258675,Multiple_Gunshots,22-Jan-18,22:33:00,WashingtonDC7D,38.841,-76.987
7D258676,Multiple_Gunshots,22-Jan-18,22:33:05,WashingtonDC7D,38.844,-76.987
7D258680,Multiple_Gunshots,22-Jan-18,23:31:39,WashingtonDC7D,38.847,-76.984
7D258691,Multiple_Gunshots,24-Jan-18,1:17:23,WashingtonDC7D,38.863,-76.984
6D201598,Multiple_Gunshots,24-Jan-18,3:13:16,WashingtonDC6D,38.907,-76.939
6D201600,Multiple_Gunshots,24-Jan-18,10:15:28,WashingtonDC6D,38.894,-76.924
7D258724,Multiple_Gunshots,25-Jan-18,16:21:17,WashingtonDC7D,38.856,-76.974
7D258725,Multiple_Gunshots,25-Jan-18,17:51:57,WashingtonDC7D,38.844,-76.992
7D258744,Multiple_Gunshots,25-Jan-18,20:29:50,WashingtonDC7D,38.856,-76.972
6D201615,Multiple_Gunshots,25-Jan-18,21:17:33,WashingtonDC6D,38.912,-76.935
7D258745,Multiple_Gunshots,25-Jan-18,22:39:52,WashingtonDC7D,38.856,-76.972
7D258746,Multiple_Gunshots,25-Jan-18,22:39:58,WashingtonDC7D,38.856,-76.971
7D258749,Multiple_Gunshots,26-Jan-18,0:27:27,WashingtonDC7D,38.844,-76.979
6D201617,Multiple_Gunshots,26-Jan-18,2:25:33,WashingtonDC6D,38.867,-76.944
7D258761,Multiple_Gunshots,26-Jan-18,14:08:17,WashingtonDC7D,38.831,-77.004
7D258772,Multiple_Gunshots,26-Jan-18,17:39:47,WashingtonDC7D,38.827,-77.001
7D258773,Multiple_Gunshots,26-Jan-18,17:39:52,WashingtonDC7D,38.832,-77.002
6D201619,Multiple_Gunshots,26-Jan-18,21:28:05,WashingtonDC6D,38.867,-76.983
7D258780,Multiple_Gunshots,26-Jan-18,21:28:05,WashingtonDC7D,38.867,-76.983
7D258781,Multiple_Gunshots,26-Jan-18,22:26:19,WashingtonDC7D,38.856,-76.972
7D258784,Multiple_Gunshots,26-Jan-18,23:37:45,WashingtonDC7D,38.839,-76.997
6D201620,Multiple_Gunshots,27-Jan-18,0:00:53,WashingtonDC6D,38.885,-76.925
7D258787,Multiple_Gunshots,27-Jan-18,1:44:07,WashingtonDC7D,38.839,-76.997
7D258803,Multiple_Gunshots,27-Jan-18,19:55:22,WashingtonDC7D,38.847,-76.982
7D258822,Multiple_Gunshots,28-Jan-18,2:53:54,WashingtonDC7D,38.855,-76.97
7D258827,Multiple_Gunshots,28-Jan-18,18:19:54,WashingtonDC7D,38.859,-76.992
5D83434,Multiple_Gunshots,28-Jan-18,23:35:30,WashingtonDC5D,38.9,-76.974
5D83437,Multiple_Gunshots,29-Jan-18,9:47:00,WashingtonDC5D,38.922,-76.987
7D258841,Multiple_Gunshots,29-Jan-18,18:00:54,WashingtonDC7D,38.848,-76.978
5D83439,Multiple_Gunshots,29-Jan-18,20:31:35,WashingtonDC5D,38.935,-76.98
7D258845,Multiple_Gunshots,30-Jan-18,2:38:28,WashingtonDC7D,38.848,-76.971
7D258846,Multiple_Gunshots,30-Jan-18,5:52:23,WashingtonDC7D,38.848,-76.977
7D258853,Multiple_Gunshots,30-Jan-18,21:17:34,WashingtonDC7D,38.832,-77.006
6D201651,Multiple_Gunshots,30-Jan-18,21:38:55,WashingtonDC6D,38.896,-76.916
5D83445,Multiple_Gunshots,31-Jan-18,2:21:29,WashingtonDC5D,38.917,-76.983
5D83446,Multiple_Gunshots,31-Jan-18,2:21:33,WashingtonDC5D,38.921,-76.976
6D201653,Multiple_Gunshots,31-Jan-18,3:33:09,WashingtonDC6D,38.881,-76.927
7D258864,Multiple_Gunshots,31-Jan-18,18:21:22,WashingtonDC7D,38.831,-77.006
6D201662,Multiple_Gunshots,31-Jan-18,18:54:29,WashingtonDC6D,38.871,-76.944
6D201670,Multiple_Gunshots,1-Feb-18,3:52:37,WashingtonDC6D,38.911,-76.937
4D67096,Multiple_Gunshots,1-Feb-18,20:31:06,WashingtonDC4D,38.95,-77.014
4D67098,Multiple_Gunshots,1-Feb-18,20:31:25,WashingtonDC4D,38.95,-77.014
6D201677,Multiple_Gunshots,1-Feb-18,20:59:17,WashingtonDC6D,38.895,-76.925
7D258892,Multiple_Gunshots,1-Feb-18,22:56:42,WashingtonDC7D,38.839,-77.007
6D201679,Multiple_Gunshots,1-Feb-18,23:13:30,WashingtonDC6D,38.9,-76.94
7D258894,Multiple_Gunshots,1-Feb-18,23:46:03,WashingtonDC7D,38.839,-76.996
6D201689,Multiple_Gunshots,2-Feb-18,19:37:03,WashingtonDC6D,38.881,-76.94
7D258917,Multiple_Gunshots,3-Feb-18,3:36:18,WashingtonDC7D,38.831,-77.001
4D67102,Multiple_Gunshots,3-Feb-18,5:47:56,WashingtonDC4D,38.942,-77.03
7D258919,Multiple_Gunshots,3-Feb-18,19:03:31,WashingtonDC7D,38.842,-76.987
6D201695,Multiple_Gunshots,3-Feb-18,20:34:14,WashingtonDC6D,38.881,-76.945
7D258923,Multiple_Gunshots,3-Feb-18,22:27:47,WashingtonDC7D,38.853,-76.972
6D201697,Multiple_Gunshots,4-Feb-18,1:24:01,WashingtonDC6D,38.885,-76.935
6D201698,Multiple_Gunshots,4-Feb-18,1:24:04,WashingtonDC6D,38.886,-76.937
6D201699,Multiple_Gunshots,4-Feb-18,1:24:05,WashingtonDC6D,38.882,-76.934
7D258926,Multiple_Gunshots,4-Feb-18,2:33:04,WashingtonDC7D,38.864,-76.985
7D258927,Multiple_Gunshots,4-Feb-18,3:40:04,WashingtonDC7D,38.829,-77.002
6D201705,Multiple_Gunshots,4-Feb-18,13:33:18,WashingtonDC6D,38.894,-76.928
7D258937,Multiple_Gunshots,4-Feb-18,22:11:40,WashingtonDC7D,38.857,-76.972
6D201713,Multiple_Gunshots,5-Feb-18,19:33:47,WashingtonDC6D,38.892,-76.951
6D201721,Multiple_Gunshots,5-Feb-18,23:15:43,WashingtonDC6D,38.892,-76.949
7D258977,Multiple_Gunshots,6-Feb-18,15:48:02,WashingtonDC7D,38.833,-77.007
6D201750,Multiple_Gunshots,6-Feb-18,19:01:19,WashingtonDC6D,38.884,-76.931
7D258993,Multiple_Gunshots,6-Feb-18,19:10:06,WashingtonDC7D,38.859,-76.997
7D258994,Multiple_Gunshots,6-Feb-18,19:10:18,WashingtonDC7D,38.859,-76.996
7D259003,Multiple_Gunshots,6-Feb-18,21:53:33,WashingtonDC7D,38.827,-76.997
7D259004,Multiple_Gunshots,6-Feb-18,21:55:14,WashingtonDC7D,38.831,-77
4D67138,Multiple_Gunshots,7-Feb-18,3:26:44,WashingtonDC4D,38.951,-77.019
4D67139,Multiple_Gunshots,7-Feb-18,5:55:04,WashingtonDC4D,38.954,-77.025
7D259008,Multiple_Gunshots,7-Feb-18,19:35:09,WashingtonDC7D,38.833,-76.998
7D259009,Multiple_Gunshots,7-Feb-18,19:35:12,WashingtonDC7D,38.832,-77
5D83528,Multiple_Gunshots,7-Feb-18,23:57:34,WashingtonDC5D,38.907,-76.981
7D259019,Multiple_Gunshots,8-Feb-18,14:02:51,WashingtonDC7D,38.829,-77.002
1D93437,Multiple_Gunshots,8-Feb-18,19:59:42,WashingtonDC1D,38.892,-76.978
7D259031,Multiple_Gunshots,8-Feb-18,20:11:15,WashingtonDC7D,38.837,-76.982
7D259032,Multiple_Gunshots,8-Feb-18,20:17:48,WashingtonDC7D,38.829,-76.994
7D259033,Multiple_Gunshots,8-Feb-18,20:17:58,WashingtonDC7D,38.83,-77.002
6D201776,Multiple_Gunshots,8-Feb-18,23:09:05,WashingtonDC6D,38.89,-76.955
5D83545,Multiple_Gunshots,8-Feb-18,23:29:27,WashingtonDC5D,38.909,-77.011
1D93439,Multiple_Gunshots,8-Feb-18,23:48:54,WashingtonDC1D,38.892,-76.98
5D83548,Multiple_Gunshots,9-Feb-18,2:15:02,WashingtonDC5D,38.921,-76.983
5D83547,Multiple_Gunshots,9-Feb-18,2:15:02,WashingtonDC5D,38.922,-76.98
5D83558,Multiple_Gunshots,9-Feb-18,20:20:29,WashingtonDC5D,38.899,-76.976
6D201784,Multiple_Gunshots,10-Feb-18,0:05:37,WashingtonDC6D,38.882,-76.925
7D259048,Multiple_Gunshots,10-Feb-18,1:58:18,WashingtonDC7D,38.837,-77.004
6D201785,Multiple_Gunshots,10-Feb-18,3:23:38,WashingtonDC6D,38.887,-76.937
5D83559,Multiple_Gunshots,10-Feb-18,3:33:17,WashingtonDC5D,38.905,-77.01
7D259050,Multiple_Gunshots,10-Feb-18,3:53:41,WashingtonDC7D,38.829,-77.002
7D259057,Multiple_Gunshots,10-Feb-18,14:08:30,WashingtonDC7D,38.831,-77.002
6D201788,Multiple_Gunshots,10-Feb-18,14:08:57,WashingtonDC6D,38.885,-76.958
7D259058,Multiple_Gunshots,10-Feb-18,15:13:30,WashingtonDC7D,38.855,-76.971
6D201792,Multiple_Gunshots,10-Feb-18,17:42:00,WashingtonDC6D,38.888,-76.925
6D201793,Multiple_Gunshots,10-Feb-18,17:42:03,WashingtonDC6D,38.887,-76.926
7D259065,Multiple_Gunshots,10-Feb-18,22:17:19,WashingtonDC7D,38.842,-76.988
7D259068,Multiple_Gunshots,10-Feb-18,23:52:14,WashingtonDC7D,38.843,-76.994
7D259071,Multiple_Gunshots,11-Feb-18,2:14:05,WashingtonDC7D,38.843,-76.994
7D259072,Multiple_Gunshots,11-Feb-18,2:14:13,WashingtonDC7D,38.843,-76.994
6D201794,Multiple_Gunshots,11-Feb-18,3:40:39,WashingtonDC6D,38.881,-76.928
7D259076,Multiple_Gunshots,11-Feb-18,4:44:31,WashingtonDC7D,38.827,-76.997
3D68787,Multiple_Gunshots,11-Feb-18,5:14:56,WashingtonDC3D,38.917,-77.018
5D83566,Multiple_Gunshots,11-Feb-18,13:03:22,WashingtonDC5D,38.919,-77.005
7D259081,Multiple_Gunshots,11-Feb-18,15:49:50,WashingtonDC7D,38.83,-76.991
7D259082,Multiple_Gunshots,11-Feb-18,18:31:52,WashingtonDC7D,38.849,-76.972
7D259084,Multiple_Gunshots,11-Feb-18,19:21:23,WashingtonDC7D,38.833,-76.999
7D259085,Multiple_Gunshots,11-Feb-18,19:21:29,WashingtonDC7D,38.844,-76.984
6D201800,Multiple_Gunshots,11-Feb-18,21:06:52,WashingtonDC6D,38.881,-76.937
6D201801,Multiple_Gunshots,11-Feb-18,21:06:59,WashingtonDC6D,38.888,-76.924
6D201802,Multiple_Gunshots,11-Feb-18,21:07:00,WashingtonDC6D,38.881,-76.937
7D259095,Multiple_Gunshots,12-Feb-18,8:25:26,WashingtonDC7D,38.847,-77.001
5D83581,Multiple_Gunshots,12-Feb-18,17:28:43,WashingtonDC5D,38.897,-76.98
6D201808,Multiple_Gunshots,12-Feb-18,21:00:05,WashingtonDC6D,38.888,-76.955
7D259102,Multiple_Gunshots,12-Feb-18,21:20:58,WashingtonDC7D,38.835,-77.006
7D259103,Multiple_Gunshots,12-Feb-18,23:58:14,WashingtonDC7D,38.828,-76.998
7D259104,Multiple_Gunshots,13-Feb-18,0:09:15,WashingtonDC7D,38.861,-76.992
6D201809,Multiple_Gunshots,13-Feb-18,0:57:34,WashingtonDC6D,38.886,-76.931
7D259126,Multiple_Gunshots,13-Feb-18,22:11:04,WashingtonDC7D,38.856,-76.971
1D93475,Multiple_Gunshots,14-Feb-18,9:43:27,WashingtonDC1D,38.889,-76.979
7D259145,Multiple_Gunshots,14-Feb-18,20:59:38,WashingtonDC7D,38.847,-77.002
7D259146,Multiple_Gunshots,14-Feb-18,20:59:48,WashingtonDC7D,38.847,-77.002
7D259147,Multiple_Gunshots,14-Feb-18,21:24:28,WashingtonDC7D,38.849,-76.98
7D259148,Multiple_Gunshots,14-Feb-18,22:11:53,WashingtonDC7D,38.86,-76.99
6D201826,Multiple_Gunshots,14-Feb-18,22:50:35,WashingtonDC6D,38.9,-76.921
7D259151,Multiple_Gunshots,14-Feb-18,22:56:10,WashingtonDC7D,38.854,-76.97
7D259153,Multiple_Gunshots,14-Feb-18,22:56:23,WashingtonDC7D,38.855,-76.97
7D259154,Multiple_Gunshots,14-Feb-18,22:57:38,WashingtonDC7D,38.854,-76.972
3D68804,Multiple_Gunshots,14-Feb-18,23:07:38,WashingtonDC3D,38.929,-77.034
6D201827,Multiple_Gunshots,14-Feb-18,23:18:35,WashingtonDC6D,38.873,-76.973
6D201830,Multiple_Gunshots,15-Feb-18,2:27:47,WashingtonDC6D,38.881,-76.961
6D201831,Multiple_Gunshots,15-Feb-18,2:27:50,WashingtonDC6D,38.89,-76.954
7D259160,Multiple_Gunshots,15-Feb-18,13:03:05,WashingtonDC7D,38.829,-77
7D259162,Multiple_Gunshots,15-Feb-18,14:06:28,WashingtonDC7D,38.838,-77.006
6D201838,Multiple_Gunshots,15-Feb-18,14:19:06,WashingtonDC6D,38.895,-76.915
6D201839,Multiple_Gunshots,15-Feb-18,14:57:36,WashingtonDC6D,38.893,-76.951
6D201840,Multiple_Gunshots,15-Feb-18,14:57:43,WashingtonDC6D,38.894,-76.952
7D259163,Multiple_Gunshots,15-Feb-18,15:29:49,WashingtonDC7D,38.834,-76.99
7D259165,Multiple_Gunshots,15-Feb-18,20:05:27,WashingtonDC7D,38.854,-76.972
7D259167,Multiple_Gunshots,15-Feb-18,20:06:18,WashingtonDC7D,38.847,-76.973
7D259170,Multiple_Gunshots,15-Feb-18,21:09:52,WashingtonDC7D,38.855,-76.972
6D201844,Multiple_Gunshots,15-Feb-18,22:04:57,WashingtonDC6D,38.886,-76.93
6D201845,Multiple_Gunshots,15-Feb-18,22:09:05,WashingtonDC6D,38.898,-76.939
5D83627,Multiple_Gunshots,15-Feb-18,22:20:23,WashingtonDC5D,38.908,-77.01
5D83628,Multiple_Gunshots,15-Feb-18,23:33:49,WashingtonDC5D,38.898,-76.98
7D259172,Multiple_Gunshots,15-Feb-18,23:35:11,WashingtonDC7D,38.842,-76.985
7D259174,Multiple_Gunshots,16-Feb-18,2:06:46,WashingtonDC7D,38.826,-76.998
7D259180,Multiple_Gunshots,16-Feb-18,3:01:09,WashingtonDC7D,38.836,-77.001
5D83635,Multiple_Gunshots,16-Feb-18,13:50:46,WashingtonDC5D,38.9,-76.976
6D201857,Multiple_Gunshots,16-Feb-18,22:37:52,WashingtonDC6D,38.898,-76.917
7D259190,Multiple_Gunshots,17-Feb-18,0:14:02,WashingtonDC7D,38.857,-76.972
7D259191,Multiple_Gunshots,17-Feb-18,2:25:13,WashingtonDC7D,38.843,-76.993
5D83642,Multiple_Gunshots,17-Feb-18,2:58:14,WashingtonDC5D,38.903,-76.974
7D259196,Multiple_Gunshots,17-Feb-18,13:23:47,WashingtonDC7D,38.861,-76.986
7D259197,Multiple_Gunshots,17-Feb-18,16:23:42,WashingtonDC7D,38.846,-76.971
7D259198,Multiple_Gunshots,17-Feb-18,18:11:24,WashingtonDC7D,38.847,-76.971
6D201861,Multiple_Gunshots,17-Feb-18,21:35:42,WashingtonDC6D,38.885,-76.926
7D259199,Multiple_Gunshots,17-Feb-18,22:12:55,WashingtonDC7D,38.833,-76.997
6D201862,Multiple_Gunshots,17-Feb-18,22:53:39,WashingtonDC6D,38.884,-76.929
7D259209,Multiple_Gunshots,18-Feb-18,16:53:24,WashingtonDC7D,38.842,-76.996
6D201877,Multiple_Gunshots,18-Feb-18,22:49:06,WashingtonDC6D,38.884,-76.922
6D201879,Multiple_Gunshots,19-Feb-18,1:50:00,WashingtonDC6D,38.887,-76.951
6D201885,Multiple_Gunshots,19-Feb-18,11:05:57,WashingtonDC6D,38.882,-76.937
7D259249,Multiple_Gunshots,19-Feb-18,17:31:13,WashingtonDC7D,38.856,-76.973
7D259250,Multiple_Gunshots,19-Feb-18,17:31:24,WashingtonDC7D,38.854,-76.969
7D259251,Multiple_Gunshots,19-Feb-18,17:31:27,WashingtonDC7D,38.856,-76.97
7D259252,Multiple_Gunshots,19-Feb-18,17:32:07,WashingtonDC7D,38.857,-76.973
7D259253,Multiple_Gunshots,19-Feb-18,17:32:10,WashingtonDC7D,38.854,-76.973
6D201887,Multiple_Gunshots,19-Feb-18,20:09:36,WashingtonDC6D,38.865,-76.983
6D201889,Multiple_Gunshots,19-Feb-18,23:16:02,WashingtonDC6D,38.884,-76.929
7D259256,Multiple_Gunshots,20-Feb-18,2:09:50,WashingtonDC7D,38.834,-77.004
7D259257,Multiple_Gunshots,20-Feb-18,2:09:55,WashingtonDC7D,38.838,-76.99
7D259261,Multiple_Gunshots,20-Feb-18,12:28:47,WashingtonDC7D,38.848,-76.972
7D259267,Multiple_Gunshots,20-Feb-18,20:11:05,WashingtonDC7D,38.856,-76.972
7D259268,Multiple_Gunshots,20-Feb-18,20:35:25,WashingtonDC7D,38.848,-76.969
7D259272,Multiple_Gunshots,20-Feb-18,22:33:24,WashingtonDC7D,38.857,-76.974
7D259273,Multiple_Gunshots,20-Feb-18,22:33:38,WashingtonDC7D,38.857,-76.973
7D259274,Multiple_Gunshots,20-Feb-18,23:00:31,WashingtonDC7D,38.852,-76.974
6D201901,Multiple_Gunshots,20-Feb-18,23:08:45,WashingtonDC6D,38.873,-76.97
1D93526,Multiple_Gunshots,21-Feb-18,3:10:11,WashingtonDC1D,38.877,-77.01
7D259279,Multiple_Gunshots,21-Feb-18,4:33:34,WashingtonDC7D,38.855,-76.971
7D259285,Multiple_Gunshots,21-Feb-18,13:06:39,WashingtonDC7D,38.842,-76.987
6D201909,Multiple_Gunshots,21-Feb-18,21:42:17,WashingtonDC6D,38.898,-76.919
7D259293,Multiple_Gunshots,21-Feb-18,23:12:43,WashingtonDC7D,38.847,-76.973
6D201915,Multiple_Gunshots,22-Feb-18,0:35:37,WashingtonDC6D,38.884,-76.929
7D259295,Multiple_Gunshots,22-Feb-18,1:06:40,WashingtonDC7D,38.832,-76.994
7D259296,Multiple_Gunshots,22-Feb-18,1:33:38,WashingtonDC7D,38.846,-76.998
7D259298,Multiple_Gunshots,22-Feb-18,5:31:22,WashingtonDC7D,38.84,-77.004
7D259301,Multiple_Gunshots,22-Feb-18,11:00:48,WashingtonDC7D,38.846,-76.976
6D201926,Multiple_Gunshots,22-Feb-18,19:39:55,WashingtonDC6D,38.882,-76.936
7D259332,Multiple_Gunshots,24-Feb-18,0:01:33,WashingtonDC7D,38.855,-76.971
7D259333,Multiple_Gunshots,24-Feb-18,0:01:39,WashingtonDC7D,38.856,-76.97
7D259334,Multiple_Gunshots,24-Feb-18,0:01:40,WashingtonDC7D,38.857,-76.972
7D259335,Multiple_Gunshots,24-Feb-18,0:01:42,WashingtonDC7D,38.855,-76.971
6D201945,Multiple_Gunshots,24-Feb-18,0:10:53,WashingtonDC6D,38.876,-76.932
7D259336,Multiple_Gunshots,24-Feb-18,2:06:39,WashingtonDC7D,38.846,-77.001
6D201946,Multiple_Gunshots,24-Feb-18,4:06:00,WashingtonDC6D,38.878,-76.931
7D259342,Multiple_Gunshots,24-Feb-18,9:40:29,WashingtonDC7D,38.842,-76.988
7D259346,Multiple_Gunshots,24-Feb-18,13:01:18,WashingtonDC7D,38.857,-76.973
7D259350,Multiple_Gunshots,24-Feb-18,19:43:58,WashingtonDC7D,38.857,-76.974
3D68825,Multiple_Gunshots,24-Feb-18,22:32:47,WashingtonDC3D,38.913,-77.022
7D259354,Multiple_Gunshots,24-Feb-18,23:31:13,WashingtonDC7D,38.83,-77
7D259355,Multiple_Gunshots,24-Feb-18,23:31:19,WashingtonDC7D,38.83,-77
5D83695,Multiple_Gunshots,25-Feb-18,3:02:07,WashingtonDC5D,38.904,-77.011
5D83697,Multiple_Gunshots,25-Feb-18,15:16:13,WashingtonDC5D,38.899,-76.976
6D201953,Multiple_Gunshots,25-Feb-18,17:57:45,WashingtonDC6D,38.878,-76.96
6D201954,Multiple_Gunshots,25-Feb-18,19:19:13,WashingtonDC6D,38.894,-76.923
4D67221,Multiple_Gunshots,25-Feb-18,19:58:16,WashingtonDC4D,38.957,-77.023
6D201955,Multiple_Gunshots,25-Feb-18,22:39:23,WashingtonDC6D,38.894,-76.919
7D259368,Multiple_Gunshots,25-Feb-18,23:44:18,WashingtonDC7D,38.831,-77.006
5D83719,Multiple_Gunshots,26-Feb-18,22:28:51,WashingtonDC5D,38.916,-77.001
6D201969,Multiple_Gunshots,26-Feb-18,23:42:00,WashingtonDC6D,38.893,-76.94
6D201970,Multiple_Gunshots,27-Feb-18,0:02:22,WashingtonDC6D,38.879,-76.944
5D83757,Multiple_Gunshots,27-Feb-18,15:23:17,WashingtonDC5D,38.896,-76.983
7D259456,Multiple_Gunshots,27-Feb-18,22:29:03,WashingtonDC7D,38.827,-76.997
7D259457,Multiple_Gunshots,27-Feb-18,22:51:56,WashingtonDC7D,38.827,-76.999
5D83758,Multiple_Gunshots,28-Feb-18,0:18:24,WashingtonDC5D,38.899,-76.977
6D201991,Multiple_Gunshots,28-Feb-18,0:26:46,WashingtonDC6D,38.904,-76.938
7D259464,Multiple_Gunshots,28-Feb-18,2:55:31,WashingtonDC7D,38.859,-76.99
6D201992,Multiple_Gunshots,28-Feb-18,9:08:31,WashingtonDC6D,38.892,-76.947
6D201993,Multiple_Gunshots,28-Feb-18,9:08:34,WashingtonDC6D,38.892,-76.947
6D201999,Multiple_Gunshots,28-Feb-18,13:28:00,WashingtonDC6D,38.877,-76.932
1D93594,Multiple_Gunshots,28-Feb-18,19:36:09,WashingtonDC1D,38.873,-77.012
7D259483,Multiple_Gunshots,28-Feb-18,20:05:44,WashingtonDC7D,38.842,-76.997
7D259491,Multiple_Gunshots,28-Feb-18,21:47:21,WashingtonDC7D,38.849,-76.978
6D202005,Multiple_Gunshots,28-Feb-18,22:34:56,WashingtonDC6D,38.884,-76.929
6D202019,Multiple_Gunshots,2-Mar-18,0:32:21,WashingtonDC6D,38.882,-76.961
6D202020,Multiple_Gunshots,2-Mar-18,1:21:05,WashingtonDC6D,38.873,-76.974
6D202030,Multiple_Gunshots,2-Mar-18,21:24:03,WashingtonDC6D,38.904,-76.932
7D259623,Multiple_Gunshots,3-Mar-18,0:04:50,WashingtonDC7D,38.864,-76.986
3D68951,Multiple_Gunshots,3-Mar-18,6:04:32,WashingtonDC3D,38.923,-77.027
7D259635,Multiple_Gunshots,3-Mar-18,16:18:09,WashingtonDC7D,38.837,-76.99
7D259636,Multiple_Gunshots,3-Mar-18,16:18:17,WashingtonDC7D,38.837,-76.99
7D259637,Multiple_Gunshots,3-Mar-18,18:13:22,WashingtonDC7D,38.842,-76.986
7D259638,Multiple_Gunshots,3-Mar-18,19:49:10,WashingtonDC7D,38.849,-76.978
6D202043,Multiple_Gunshots,4-Mar-18,1:26:34,WashingtonDC6D,38.895,-76.93
5D83832,Multiple_Gunshots,4-Mar-18,2:10:36,WashingtonDC5D,38.9,-76.983
6D202046,Multiple_Gunshots,4-Mar-18,5:24:54,WashingtonDC6D,38.879,-76.937
5D83837,Multiple_Gunshots,4-Mar-18,14:00:00,WashingtonDC5D,38.904,-76.992
5D83843,Multiple_Gunshots,4-Mar-18,15:56:48,WashingtonDC5D,38.9,-76.974
6D202049,Multiple_Gunshots,4-Mar-18,22:28:50,WashingtonDC6D,38.889,-76.922
6D202054,Multiple_Gunshots,5-Mar-18,3:15:09,WashingtonDC6D,38.895,-76.929
6D202055,Multiple_Gunshots,5-Mar-18,3:16:09,WashingtonDC6D,38.895,-76.929
6D202063,Multiple_Gunshots,5-Mar-18,23:54:25,WashingtonDC6D,38.896,-76.915
6D202071,Multiple_Gunshots,6-Mar-18,16:32:56,WashingtonDC6D,38.884,-76.927
7D259691,Multiple_Gunshots,6-Mar-18,16:46:06,WashingtonDC7D,38.864,-76.985
7D259692,Multiple_Gunshots,6-Mar-18,16:46:12,WashingtonDC7D,38.864,-76.986
6D202073,Multiple_Gunshots,6-Mar-18,16:46:53,WashingtonDC6D,38.882,-76.936
6D202074,Multiple_Gunshots,6-Mar-18,18:49:04,WashingtonDC6D,38.895,-76.929
7D259696,Multiple_Gunshots,6-Mar-18,23:54:52,WashingtonDC7D,38.833,-77.006
5D83879,Multiple_Gunshots,6-Mar-18,23:55:09,WashingtonDC5D,38.925,-76.997
5D83883,Multiple_Gunshots,7-Mar-18,7:18:45,WashingtonDC5D,38.906,-76.986
7D259702,Multiple_Gunshots,7-Mar-18,12:01:51,WashingtonDC7D,38.856,-76.967
7D259706,Multiple_Gunshots,7-Mar-18,20:51:25,WashingtonDC7D,38.831,-77.006
7D259707,Multiple_Gunshots,8-Mar-18,1:59:45,WashingtonDC7D,38.849,-76.972
6D202085,Multiple_Gunshots,8-Mar-18,2:34:31,WashingtonDC6D,38.894,-76.959
6D202089,Multiple_Gunshots,8-Mar-18,19:25:41,WashingtonDC6D,38.886,-76.93
7D259720,Multiple_Gunshots,8-Mar-18,22:14:31,WashingtonDC7D,38.857,-76.968
3D68964,Multiple_Gunshots,8-Mar-18,22:51:46,WashingtonDC3D,38.93,-77.032
7D259722,Multiple_Gunshots,8-Mar-18,23:24:53,WashingtonDC7D,38.849,-76.972
5D83904,Multiple_Gunshots,9-Mar-18,21:12:40,WashingtonDC5D,38.899,-76.976
6D202106,Multiple_Gunshots,10-Mar-18,4:03:34,WashingtonDC6D,38.871,-76.976
7D259754,Multiple_Gunshots,10-Mar-18,19:30:21,WashingtonDC7D,38.845,-76.998
7D259756,Multiple_Gunshots,10-Mar-18,21:53:46,WashingtonDC7D,38.849,-76.976
6D202116,Multiple_Gunshots,10-Mar-18,22:16:52,WashingtonDC6D,38.888,-76.934
6D202121,Multiple_Gunshots,10-Mar-18,22:47:33,WashingtonDC6D,38.877,-76.942
5D83920,Multiple_Gunshots,11-Mar-18,4:07:44,WashingtonDC5D,38.911,-77.013
6D202124,Multiple_Gunshots,11-Mar-18,4:31:27,WashingtonDC6D,38.895,-76.923
6D202125,Multiple_Gunshots,11-Mar-18,5:13:33,WashingtonDC6D,38.885,-76.932
7D259757,Multiple_Gunshots,11-Mar-18,5:50:34,WashingtonDC7D,38.862,-76.986
6D202145,Multiple_Gunshots,12-Mar-18,3:13:48,WashingtonDC6D,38.896,-76.928
6D202146,Multiple_Gunshots,12-Mar-18,3:14:59,WashingtonDC6D,38.895,-76.928
6D202154,Multiple_Gunshots,12-Mar-18,21:52:12,WashingtonDC6D,38.885,-76.929
6D202155,Multiple_Gunshots,12-Mar-18,21:52:16,WashingtonDC6D,38.885,-76.931
7D259797,Multiple_Gunshots,13-Mar-18,20:26:44,WashingtonDC7D,38.837,-76.99
7D259806,Multiple_Gunshots,14-Mar-18,15:40:52,WashingtonDC7D,38.843,-76.984
4D67423,Multiple_Gunshots,14-Mar-18,16:37:50,WashingtonDC4D,38.944,-77.022
4D67424,Multiple_Gunshots,14-Mar-18,16:38:01,WashingtonDC4D,38.944,-77.025
7D259811,Multiple_Gunshots,14-Mar-18,21:31:25,WashingtonDC7D,38.841,-76.987
7D259812,Multiple_Gunshots,14-Mar-18,23:00:33,WashingtonDC7D,38.842,-76.987
7D259814,Multiple_Gunshots,14-Mar-18,23:20:28,WashingtonDC7D,38.844,-77
6D202171,Multiple_Gunshots,15-Mar-18,1:32:43,WashingtonDC6D,38.909,-76.937
5D83946,Multiple_Gunshots,15-Mar-18,2:19:31,WashingtonDC5D,38.923,-77.003
7D259823,Multiple_Gunshots,15-Mar-18,9:00:52,WashingtonDC7D,38.843,-76.984
7D259824,Multiple_Gunshots,15-Mar-18,18:10:05,WashingtonDC7D,38.856,-76.972
6D202177,Multiple_Gunshots,16-Mar-18,3:34:13,WashingtonDC6D,38.893,-76.924
7D259836,Multiple_Gunshots,16-Mar-18,4:04:59,WashingtonDC7D,38.85,-76.971
6D202179,Multiple_Gunshots,16-Mar-18,12:00:22,WashingtonDC6D,38.895,-76.94
6D202181,Multiple_Gunshots,16-Mar-18,22:18:18,WashingtonDC6D,38.894,-76.929
6D202183,Multiple_Gunshots,17-Mar-18,0:47:24,WashingtonDC6D,38.895,-76.93
3D68994,Multiple_Gunshots,17-Mar-18,2:58:31,WashingtonDC3D,38.925,-77.022
7D259846,Multiple_Gunshots,17-Mar-18,7:18:06,WashingtonDC7D,38.863,-76.992
5D83969,Multiple_Gunshots,17-Mar-18,21:36:37,WashingtonDC5D,38.909,-76.984
6D202194,Multiple_Gunshots,17-Mar-18,22:11:04,WashingtonDC6D,38.897,-76.922
6D202195,Multiple_Gunshots,17-Mar-18,22:12:31,WashingtonDC6D,38.895,-76.918
7D259860,Multiple_Gunshots,18-Mar-18,0:03:17,WashingtonDC7D,38.828,-77
6D202197,Multiple_Gunshots,18-Mar-18,0:09:01,WashingtonDC6D,38.867,-76.95
5D83974,Multiple_Gunshots,18-Mar-18,2:18:47,WashingtonDC5D,38.913,-77.008
7D259868,Multiple_Gunshots,18-Mar-18,18:47:51,WashingtonDC7D,38.859,-76.997
7D259876,Multiple_Gunshots,18-Mar-18,21:40:55,WashingtonDC7D,38.856,-76.97
3D69007,Multiple_Gunshots,19-Mar-18,0:37:24,WashingtonDC3D,38.925,-77.034
7D259897,Multiple_Gunshots,19-Mar-18,16:37:11,WashingtonDC7D,38.844,-76.979
5D84000,Multiple_Gunshots,19-Mar-18,16:58:25,WashingtonDC5D,38.92,-76.979
5D84001,Multiple_Gunshots,19-Mar-18,16:58:27,WashingtonDC5D,38.921,-76.979
6D202236,Multiple_Gunshots,19-Mar-18,20:28:59,WashingtonDC6D,38.885,-76.924
7D259911,Multiple_Gunshots,19-Mar-18,22:32:24,WashingtonDC7D,38.829,-77.001
6D202242,Multiple_Gunshots,20-Mar-18,5:32:47,WashingtonDC6D,38.895,-76.93
6D202255,Multiple_Gunshots,20-Mar-18,17:54:57,WashingtonDC6D,38.888,-76.955
1D93801,Multiple_Gunshots,20-Mar-18,23:23:25,WashingtonDC1D,38.899,-76.985
7D259929,Multiple_Gunshots,21-Mar-18,0:21:09,WashingtonDC7D,38.844,-77.002
5D84008,Multiple_Gunshots,21-Mar-18,2:59:24,WashingtonDC5D,38.897,-76.981
7D259932,Multiple_Gunshots,21-Mar-18,11:20:03,WashingtonDC7D,38.836,-76.982
7D259933,Multiple_Gunshots,21-Mar-18,13:21:03,WashingtonDC7D,38.852,-76.971
7D259945,Multiple_Gunshots,21-Mar-18,19:04:59,WashingtonDC7D,38.855,-76.974
6D202267,Multiple_Gunshots,21-Mar-18,20:46:56,WashingtonDC6D,38.892,-76.953
7D259946,Multiple_Gunshots,21-Mar-18,22:42:40,WashingtonDC7D,38.861,-76.99
6D202269,Multiple_Gunshots,22-Mar-18,0:53:54,WashingtonDC6D,38.884,-76.929
7D259948,Multiple_Gunshots,22-Mar-18,5:06:36,WashingtonDC7D,38.862,-76.984
6D202275,Multiple_Gunshots,22-Mar-18,16:23:38,WashingtonDC6D,38.88,-76.932
7D259956,Multiple_Gunshots,22-Mar-18,19:06:37,WashingtonDC7D,38.849,-76.976
7D259958,Multiple_Gunshots,22-Mar-18,22:37:45,WashingtonDC7D,38.827,-76.998
6D202297,Multiple_Gunshots,23-Mar-18,21:56:30,WashingtonDC6D,38.887,-76.951
6D202298,Multiple_Gunshots,23-Mar-18,21:56:34,WashingtonDC6D,38.887,-76.951
7D259972,Multiple_Gunshots,24-Mar-18,0:54:36,WashingtonDC7D,38.827,-76.999
7D259974,Multiple_Gunshots,24-Mar-18,2:54:31,WashingtonDC7D,38.844,-76.995
7D259976,Multiple_Gunshots,24-Mar-18,5:13:47,WashingtonDC7D,38.827,-77.004
5D84024,Multiple_Gunshots,24-Mar-18,13:47:52,WashingtonDC5D,38.932,-76.971
6D202309,Multiple_Gunshots,24-Mar-18,18:56:18,WashingtonDC6D,38.897,-76.92
7D260000,Multiple_Gunshots,24-Mar-18,22:17:24,WashingtonDC7D,38.826,-76.999
6D202312,Multiple_Gunshots,25-Mar-18,5:29:46,WashingtonDC6D,38.894,-76.95
7D260013,Multiple_Gunshots,25-Mar-18,12:16:51,WashingtonDC7D,38.855,-76.971
5D84034,Multiple_Gunshots,25-Mar-18,17:22:42,WashingtonDC5D,38.911,-76.998
5D84036,Multiple_Gunshots,25-Mar-18,21:33:05,WashingtonDC5D,38.908,-76.985
6D202321,Multiple_Gunshots,25-Mar-18,23:22:52,WashingtonDC6D,38.894,-76.918
6D202322,Multiple_Gunshots,25-Mar-18,23:22:55,WashingtonDC6D,38.896,-76.928
7D260027,Multiple_Gunshots,25-Mar-18,23:54:28,WashingtonDC7D,38.864,-76.986
7D260029,Multiple_Gunshots,26-Mar-18,0:13:33,WashingtonDC7D,38.859,-76.997
6D202326,Multiple_Gunshots,26-Mar-18,18:14:22,WashingtonDC6D,38.9,-76.948
5D84056,Multiple_Gunshots,26-Mar-18,22:58:58,WashingtonDC5D,38.925,-76.969
7D260050,Multiple_Gunshots,27-Mar-18,13:04:34,WashingtonDC7D,38.842,-76.985
7D260069,Multiple_Gunshots,27-Mar-18,22:52:10,WashingtonDC7D,38.855,-76.971
7D260070,Multiple_Gunshots,27-Mar-18,22:57:25,WashingtonDC7D,38.862,-76.99
7D260072,Multiple_Gunshots,27-Mar-18,23:53:54,WashingtonDC7D,38.837,-77.004
5D84095,Multiple_Gunshots,28-Mar-18,14:34:20,WashingtonDC5D,38.904,-77.012
5D84099,Multiple_Gunshots,28-Mar-18,17:30:59,WashingtonDC5D,38.902,-76.985
7D260086,Multiple_Gunshots,28-Mar-18,18:45:19,WashingtonDC7D,38.842,-76.997
6D202356,Multiple_Gunshots,29-Mar-18,6:34:23,WashingtonDC6D,38.887,-76.938
6D202359,Multiple_Gunshots,29-Mar-18,11:35:21,WashingtonDC6D,38.879,-76.935
6D202361,Multiple_Gunshots,29-Mar-18,13:05:11,WashingtonDC6D,38.894,-76.93
6D202362,Multiple_Gunshots,29-Mar-18,13:05:21,WashingtonDC6D,38.891,-76.93
6D202363,Multiple_Gunshots,29-Mar-18,13:05:26,WashingtonDC6D,38.899,-76.932
6D202364,Multiple_Gunshots,29-Mar-18,13:05:30,WashingtonDC6D,38.896,-76.93
6D202365,Multiple_Gunshots,29-Mar-18,13:05:40,WashingtonDC6D,38.899,-76.929
7D260100,Multiple_Gunshots,29-Mar-18,16:10:46,WashingtonDC7D,38.844,-76.985
6D202376,Multiple_Gunshots,29-Mar-18,21:08:38,WashingtonDC6D,38.883,-76.929
3D69046,Multiple_Gunshots,29-Mar-18,21:17:04,WashingtonDC3D,38.918,-77.016
5D84110,Multiple_Gunshots,29-Mar-18,23:57:28,WashingtonDC5D,38.894,-76.978
6D202377,Multiple_Gunshots,30-Mar-18,0:17:27,WashingtonDC6D,38.882,-76.939
6D202378,Multiple_Gunshots,30-Mar-18,0:18:16,WashingtonDC6D,38.88,-76.939
6D202379,Multiple_Gunshots,30-Mar-18,0:18:23,WashingtonDC6D,38.881,-76.939
7D260120,Multiple_Gunshots,30-Mar-18,20:47:00,WashingtonDC7D,38.833,-76.997
6D202391,Multiple_Gunshots,30-Mar-18,20:49:51,WashingtonDC6D,38.896,-76.931
6D202394,Multiple_Gunshots,31-Mar-18,0:17:31,WashingtonDC6D,38.894,-76.924
6D202395,Multiple_Gunshots,31-Mar-18,0:17:58,WashingtonDC6D,38.894,-76.924
7D260121,Multiple_Gunshots,31-Mar-18,2:29:51,WashingtonDC7D,38.855,-76.974
4D67504,Multiple_Gunshots,31-Mar-18,3:24:07,WashingtonDC4D,38.947,-77.02
6D202399,Multiple_Gunshots,31-Mar-18,12:35:35,WashingtonDC6D,38.879,-76.939
6D202400,Multiple_Gunshots,31-Mar-18,12:35:38,WashingtonDC6D,38.879,-76.939
6D202408,Multiple_Gunshots,31-Mar-18,20:05:25,WashingtonDC6D,38.896,-76.925
7D260136,Multiple_Gunshots,31-Mar-18,21:00:53,WashingtonDC7D,38.844,-76.997
6D202409,Multiple_Gunshots,31-Mar-18,22:18:22,WashingtonDC6D,38.88,-76.939
6D202411,Multiple_Gunshots,31-Mar-18,22:19:13,WashingtonDC6D,38.881,-76.939